id,first_name,last_name,email,country,ip_address
1,Justin,Dean,jdean0@prlog.org,Indonesia,60.242.130.40
2,Joan,Jordan,jjordan1@tamu.edu,Thailand,137.230.209.171
3,William,Ray,wray2@sourceforge.net,Germany,4.75.251.71
4,Jack,Collins,jcollins3@patch.com,Indonesia,118.241.243.64
5,Jean,Moreno,jmoreno4@oracle.com,Portugal,12.24.215.20
6,Dennis,Mitchell,dmitchell5@so-net.ne.jp,Mexico,185.24.131.116
7,Harry,West,hwest6@vk.com,Uzbekistan,101.74.110.171
8,Rebecca,Hunt,rhunt7@ameblo.jp,France,253.107.6.23
9,Rose,Rogers,rrogers8@businesswire.com,China,21.2.126.228
10,Juan,Walker,jwalker9@fda.gov,Angola,192.118.77.225
11,Lois,Price,lpricea@nih.gov,Greece,231.185.100.19
12,Patricia,Bell,pbellb@narod.ru,Sweden,226.2.254.94
13,Gerald,Kelly,gkellyc@homestead.com,China,31.204.2.163
14,Kimberly,Jackson,kjacksond@blogspot.com,Thailand,19.187.65.116
15,Jason,Mason,jmasone@nature.com,Greece,225.129.68.203
